<keymap version="1" name="Default copy" parent="$default">
  <action id="AddToFavoritesPopup" />
  <action id="ChangesView.Diff" />
  <action id="CheckinProject" />
  <action id="CloseAllEditors">
    <keyboard-shortcut first-keystroke="ctrl k" second-keystroke="w" />
  </action>
  <action id="CloseContent">
    <keyboard-shortcut first-keystroke="shift ctrl q" />
  </action>
  <action id="CompareTwoFiles" />
  <action id="CopyElement" />
  <action id="Debug">
    <keyboard-shortcut first-keystroke="f6" />
  </action>
  <action id="Diff.ShowDiff" />
  <action id="Diff.ShowSettingsPopup" />
  <action id="EditorDeleteLine">
    <keyboard-shortcut first-keystroke="ctrl d" />
  </action>
  <action id="EditorDuplicate" />
  <action id="ExecuteInPyConsoleAction" />
  <action id="FileChooser.GotoDesktop" />
  <action id="GotoAction" />
  <action id="ImplementMethods" />
  <action id="IncrementWindowHeight" />
  <action id="InspectCode">
    <keyboard-shortcut first-keystroke="ctrl i" />
  </action>
  <action id="Move" />
  <action id="NewElement">
    <keyboard-shortcut first-keystroke="shift ctrl a" />
  </action>
  <action id="NextSplitter">
    <keyboard-shortcut first-keystroke="ctrl tab" />
  </action>
  <action id="PyExecuteCellAction" />
  <action id="ReformatCode">
    <keyboard-shortcut first-keystroke="shift alt f" />
  </action>
  <action id="RenameElement">
    <keyboard-shortcut first-keystroke="ctrl r" />
  </action>
  <action id="ReopenClosedTab">
    <keyboard-shortcut first-keystroke="shift ctrl t" />
  </action>
  <action id="Replace">
    <keyboard-shortcut first-keystroke="ctrl h" />
  </action>
  <action id="ResizeToolWindowDown" />
  <action id="Run">
    <keyboard-shortcut first-keystroke="f5" />
  </action>
  <action id="RunDashboard.CopyConfiguration" />
  <action id="SelectNextOccurrence">
    <keyboard-shortcut first-keystroke="shift ctrl d" />
  </action>
  <action id="SendEOF" />
  <action id="Stop">
    <keyboard-shortcut first-keystroke="alt f2" />
  </action>
  <action id="Switcher">
    <keyboard-shortcut first-keystroke="shift ctrl tab" />
  </action>
  <action id="ToggleDistractionFreeMode">
    <keyboard-shortcut first-keystroke="shift ctrl alt f11" />
  </action>
  <action id="ToggleFullScreen">
    <keyboard-shortcut first-keystroke="ctrl alt f11" />
  </action>
  <action id="TypeHierarchy" />
  <action id="TypeHierarchyBase.BaseOnThisType" />
  <action id="VcsShowNextChangeMarker" />
  <action id="VcsShowPrevChangeMarker" />
  <action id="XDebugger.CopyWatch" />
  <action id="openAssertEqualsDiff" />
</keymap>